{
  "training_config": {
    "algorithm": "PPO",
    "total_timesteps": 200000,
    "n_envs": 4,
    "learning_rate": "3e-4 (linear decay)",
    "n_steps": 512,
    "batch_size": 128,
    "n_epochs": 15,
    "gamma": 0.99,
    "gae_lambda": 0.95,
    "clip_range": "0.2 (linear decay)",
    "ent_coef": 0.005,
    "net_arch": [
      128,
      128
    ],
    "training_time_seconds": 4485.731949567795
  },
  "evaluations": [
    {
      "timestep": 40000,
      "task1/mean_reward": 1.0500000000000003,
      "task1/std_reward": 2.220446049250313e-16,
      "task1/mean_length": 7.0,
      "task1/success_rate": 1.0,
      "task1/min_reward": 1.05,
      "task1/max_reward": 1.05,
      "task2/mean_reward": 1.0500000000000003,
      "task2/std_reward": 2.220446049250313e-16,
      "task2/mean_length": 7.0,
      "task2/success_rate": 1.0,
      "task2/min_reward": 1.05,
      "task2/max_reward": 1.05,
      "task3/mean_reward": 1.0,
      "task3/std_reward": 0.0,
      "task3/mean_length": 6.0,
      "task3/success_rate": 1.0,
      "task3/min_reward": 1.0,
      "task3/max_reward": 1.0,
      "overall/mean_reward": 1.0333333333333334,
      "overall/success_rate": 1.0
    },
    {
      "timestep": 80000,
      "task1/mean_reward": 1.0500000000000003,
      "task1/std_reward": 2.220446049250313e-16,
      "task1/mean_length": 7.0,
      "task1/success_rate": 1.0,
      "task1/min_reward": 1.05,
      "task1/max_reward": 1.05,
      "task2/mean_reward": 1.0500000000000003,
      "task2/std_reward": 2.220446049250313e-16,
      "task2/mean_length": 7.0,
      "task2/success_rate": 1.0,
      "task2/min_reward": 1.05,
      "task2/max_reward": 1.05,
      "task3/mean_reward": 1.0500000000000003,
      "task3/std_reward": 2.220446049250313e-16,
      "task3/mean_length": 7.0,
      "task3/success_rate": 1.0,
      "task3/min_reward": 1.05,
      "task3/max_reward": 1.05,
      "overall/mean_reward": 1.0500000000000003,
      "overall/success_rate": 1.0
    },
    {
      "timestep": 120000,
      "task1/mean_reward": 1.0500000000000003,
      "task1/std_reward": 2.220446049250313e-16,
      "task1/mean_length": 7.0,
      "task1/success_rate": 1.0,
      "task1/min_reward": 1.05,
      "task1/max_reward": 1.05,
      "task2/mean_reward": 1.0500000000000003,
      "task2/std_reward": 2.220446049250313e-16,
      "task2/mean_length": 7.0,
      "task2/success_rate": 1.0,
      "task2/min_reward": 1.05,
      "task2/max_reward": 1.05,
      "task3/mean_reward": 1.0500000000000003,
      "task3/std_reward": 2.220446049250313e-16,
      "task3/mean_length": 7.0,
      "task3/success_rate": 1.0,
      "task3/min_reward": 1.05,
      "task3/max_reward": 1.05,
      "overall/mean_reward": 1.0500000000000003,
      "overall/success_rate": 1.0
    },
    {
      "timestep": 160000,
      "task1/mean_reward": 1.0500000000000003,
      "task1/std_reward": 2.220446049250313e-16,
      "task1/mean_length": 7.0,
      "task1/success_rate": 1.0,
      "task1/min_reward": 1.05,
      "task1/max_reward": 1.05,
      "task2/mean_reward": 1.0500000000000003,
      "task2/std_reward": 2.220446049250313e-16,
      "task2/mean_length": 7.0,
      "task2/success_rate": 1.0,
      "task2/min_reward": 1.05,
      "task2/max_reward": 1.05,
      "task3/mean_reward": 1.0500000000000003,
      "task3/std_reward": 2.220446049250313e-16,
      "task3/mean_length": 7.0,
      "task3/success_rate": 1.0,
      "task3/min_reward": 1.05,
      "task3/max_reward": 1.05,
      "overall/mean_reward": 1.0500000000000003,
      "overall/success_rate": 1.0
    },
    {
      "timestep": 200000,
      "task1/mean_reward": 1.0500000000000003,
      "task1/std_reward": 2.220446049250313e-16,
      "task1/mean_length": 7.0,
      "task1/success_rate": 1.0,
      "task1/min_reward": 1.05,
      "task1/max_reward": 1.05,
      "task2/mean_reward": 1.0500000000000003,
      "task2/std_reward": 2.220446049250313e-16,
      "task2/mean_length": 7.0,
      "task2/success_rate": 1.0,
      "task2/min_reward": 1.05,
      "task2/max_reward": 1.05,
      "task3/mean_reward": 1.0500000000000003,
      "task3/std_reward": 2.220446049250313e-16,
      "task3/mean_length": 7.0,
      "task3/success_rate": 1.0,
      "task3/min_reward": 1.05,
      "task3/max_reward": 1.05,
      "overall/mean_reward": 1.0500000000000003,
      "overall/success_rate": 1.0
    }
  ]
}